信源,事件数
Cointelegraph,30
YahooFinance,30
CNBC-Finance,30
Blockworks,30
Decrypt,29
TheDefiant,28
BinanceSquare,26
CoinDesk,25
吴说区块链,25
TechFlow深潮,24
BlockBeats快讯,20
BlockBeats文章,20
TheBlock,19
币安上币公告,16
Followin快讯,14
ChainCatcher,14
PANews,9
X/WuBlockchain,5
X/peckshield,5
X/lookonchain,5
X/PANewsCN,5
X/glassnode,5
X/binance,5
X/SECGov,5
X/cz_binance,5
X/heyibinance,5
X/SlowMist_Team,5
X/CertiKAlert,5
X/binancezh,5
X/wublockchain12,4
X/MessariCrypto,4
X/EmberCN,4
X/BlockBeatsAsia,3
金色财经,1
Followin-EN,1
